Item Title,Publication Title,Book Series Title,Journal Volume,Journal Issue,Item DOI,Authors,Publication Year,URL,Content Type
Business Process Management,Lecture Notes in Computer Science,,,,10.1007/978-3-030-85469-0,Dr. Artem PolyvyanyyDr. Moe Thandar WynnAmy Van LooyProf. Dr. Manfred Reichert,2021,http://link.springer.com/book/10.1007/978-3-030-85469-0,Book
Business Process Management,Lecture Notes in Computer Science,,,,10.1007/978-3-030-58666-9,Dirk FahlandChiara GhidiniProf. Dr. Jörg BeckerProf. Marlon Dumas,2020,http://link.springer.com/book/10.1007/978-3-030-58666-9,Book
Encyclopedia of Big Data Technologies,,,,,10.1007/978-3-319-77525-8,Sherif SakrAlbert Y. Zomaya,2019,http://link.springer.com/referencework/10.1007/978-3-319-77525-8,ReferenceWork
"Enterprise, Business-Process and Information Systems Modeling",Lecture Notes in Business Information Processing,,,,10.1007/978-3-030-79186-5,Adriano AugustoAsif GillSelmin NurcanDr. Iris Reinhartz-BergerProf. Rainer SchmidtJelena Zdravkovic,2021,http://link.springer.com/book/10.1007/978-3-030-79186-5,Book
Process Mining,,,,,10.1007/978-3-662-49851-4,Wil van der Aalst,2016,http://link.springer.com/book/10.1007/978-3-662-49851-4,Book
Artificial Intelligence and Soft Computing,Lecture Notes in Computer Science,,,,10.1007/978-3-030-87897-9,Prof. Leszek RutkowskiDr. Rafał SchererMarcin KorytkowskiWitold PedryczProf. Ryszard TadeusiewiczDr. Jacek M. Zurada,2021,http://link.springer.com/book/10.1007/978-3-030-87897-9,Book
A Framework for Explainable Concept Drift Detection in Process Mining,Business Process Management,,,,10.1007/978-3-030-85469-0_25,Jan Niklas AdamsSebastiaan J. van ZelstLara QuackKathrin HausmannWil M. P. van der AalstThomas Rose,2021,http://link.springer.com/chapter/10.1007/978-3-030-85469-0_25,Chapter
Business Process Management Forum,Lecture Notes in Business Information Processing,,,,10.1007/978-3-030-85440-9,Dr. Artem PolyvyanyyDr. Moe Thandar WynnDr. Amy Van LooyManfred Reichert,2021,http://link.springer.com/book/10.1007/978-3-030-85440-9,Book
Encyclopedia of Database Systems,,,,,10.1007/978-0-387-39940-9,LING LIUM. TAMER ÖZSU,2009,http://link.springer.com/referencework/10.1007/978-0-387-39940-9,ReferenceWork
Data Management Technologies and Applications,Communications in Computer and Information Science,,,,10.1007/978-3-030-83014-4,Slimane HammoudiChristoph QuixJorge Bernardino,2021,http://link.springer.com/book/10.1007/978-3-030-83014-4,Book
Handling Concept Drift in Process Mining,Advanced Information Systems Engineering,,,,10.1007/978-3-642-21640-4_30,R. P. Jagadeesh Chandra BoseWil M. P. van der AalstIndrė ŽliobaitėMykola Pechenizkiy,2011,http://link.springer.com/chapter/10.1007/978-3-642-21640-4_30,Chapter
A Robust and Accurate Approach to Detect Process Drifts from Event Streams,Business Process Management,,,,10.1007/978-3-030-85469-0_24,Yang LuQifan ChenSimon Poon,2021,http://link.springer.com/chapter/10.1007/978-3-030-85469-0_24,Chapter
Comprehensive Process Drift Detection with Visual Analytics,Conceptual Modeling,,,,10.1007/978-3-030-33223-5_11,Anton YeshchenkoClaudio Di CiccioJan MendlingArtem Polyvyanyy,2019,http://link.springer.com/chapter/10.1007/978-3-030-33223-5_11,Chapter
Fast and Accurate Business Process Drift Detection,Business Process Management,,,,10.1007/978-3-319-23063-4_27,Abderrahmane MaaradjiMarlon DumasMarcello La RosaAlireza Ostovar,2015,http://link.springer.com/chapter/10.1007/978-3-319-23063-4_27,Chapter
Interactive Process Drift Detection Framework,Artificial Intelligence and Soft Computing,,,,10.1007/978-3-030-87897-9_18,Denise Maria Vecino SatoJean Paul BarddalEdson Emilio Scalabrin,2021,http://link.springer.com/chapter/10.1007/978-3-030-87897-9_18,Chapter
Filtering Spurious Events from Event Streams of Business Processes,Advanced Information Systems Engineering,,,,10.1007/978-3-319-91563-0_3,Sebastiaan J. van ZelstMohammadreza Fani SaniAlireza OstovarRaffaele ConfortiMarcello La Rosa,2018,http://link.springer.com/chapter/10.1007/978-3-319-91563-0_3,Chapter
Process Mining for Stream Data Sources,Process Mining Techniques in Business Environments,,,,10.1007/978-3-319-17482-2_17,Andrea Burattin,2015,http://link.springer.com/chapter/10.1007/978-3-319-17482-2_17,Chapter
Encyclopedia of Social Network Analysis and Mining,,,,,10.1007/978-1-4939-7131-2,Reda AlhajjJon Rokne,2018,http://link.springer.com/referencework/10.1007/978-1-4939-7131-2,ReferenceWork
Service-Oriented Computing  – ICSOC 2020 Workshops,Lecture Notes in Computer Science,,,,10.1007/978-3-030-76352-7,Hakim HacidFatma OutayHye-young PaikAmira AlloumMarinella PetrocchiMohamed Reda BouadjenekDr. Amin BeheshtiXumin LiuAbderrahmane Maaradji,2021,http://link.springer.com/book/10.1007/978-3-030-76352-7,Book
Process Histories - Detecting and Representing Concept Drifts Based on Event Streams,On the Move to Meaningful Internet Systems. OTM 2018 Conferences,,,,10.1007/978-3-030-02610-3_18,Florian StertzStefanie Rinderle-Ma,2018,http://link.springer.com/chapter/10.1007/978-3-030-02610-3_18,Chapter
Event stream-based process discovery using abstract representations,Knowledge and Information Systems,,54.0,2,10.1007/s10115-017-1060-2,Sebastiaan J. van ZelstBoudewijn F. van DongenWil M. P. van der Aalst,2018,http://link.springer.com/article/10.1007/s10115-017-1060-2,Article
Detecting Process Concept Drifts from Event Logs,On the Move to Meaningful Internet Systems. OTM 2017 Conferences,,,,10.1007/978-3-319-69462-7_33,Canbin ZhengLijie WenJianmin Wang,2017,http://link.springer.com/chapter/10.1007/978-3-319-69462-7_33,Chapter
Quality of Information and Communications Technology,Communications in Computer and Information Science,,,,10.1007/978-3-030-85347-1,Prof. Ana C. R. PaivaAna Rosa CavalliPaula Ventura MartinsRicardo Pérez-Castillo,2021,http://link.springer.com/book/10.1007/978-3-030-85347-1,Book
Process Mining Manifesto,Business Process Management Workshops,,,,10.1007/978-3-642-28108-2_19,Wil van der AalstArya AdriansyahAna Karla Alves de MedeirosFranco ArcieriThomas BaierTobias BlickleJagadeesh Chandra BosePeter van den BrandRonald BrandtjenJoos BuijsAndrea BurattinJosep CarmonaMalu CastellanosJan ClaesJonathan CookNicola Costantini,2012,http://link.springer.com/chapter/10.1007/978-3-642-28108-2_19,Chapter
Detecting Drift from Event Streams of Unpredictable Business Processes,Conceptual Modeling,,,,10.1007/978-3-319-46397-1_26,Alireza OstovarAbderrahmane MaaradjiMarcello La RosaArthur H. M. ter HofstedeBoudewijn F. V. van Dongen,2016,http://link.springer.com/chapter/10.1007/978-3-319-46397-1_26,Chapter
Process Mining Reloaded: Event Structures as a Unified Representation of Process Models and Event Logs,Application and Theory of Petri Nets and Concurrency,,,,10.1007/978-3-319-19488-2_2,Marlon DumasLuciano García-Bañuelos,2015,http://link.springer.com/chapter/10.1007/978-3-319-19488-2_2,Chapter
Change Point Detection and Dealing with Gradual and Multi-order Dynamics in Process Mining,Perspectives in Business Informatics Research,,,,10.1007/978-3-319-21915-8_11,J. MartjushevR. P. Jagadeesh Chandra BoseWil M. P. van der Aalst,2015,http://link.springer.com/chapter/10.1007/978-3-319-21915-8_11,Chapter
Online Techniques for Dealing with Concept Drift in Process Mining,Advances in Intelligent Data Analysis XI,,,,10.1007/978-3-642-34156-4_10,Josep CarmonaRicard Gavaldà,2012,http://link.springer.com/chapter/10.1007/978-3-642-34156-4_10,Chapter
"Scientific workflows for process mining: building blocks, scenarios, and implementation",International Journal on Software Tools for Technology Transfer,,18.0,6,10.1007/s10009-015-0399-5,Alfredo BoltMassimiliano de LeoniWil M. P. van der Aalst,2016,http://link.springer.com/article/10.1007/s10009-015-0399-5,Article
Simultaneous Process Drift Detection and Characterization with Pattern-Based Change Detectors,Discovery Science,,,,10.1007/978-3-030-61527-7_30,Angelo ImpedovoPaolo MignoneCorrado LoglisciMichelangelo Ceci,2020,http://link.springer.com/chapter/10.1007/978-3-030-61527-7_30,Chapter
Business Process Management Cases,Management for Professionals,,,,10.1007/978-3-319-58307-5,Prof. Dr. Jan vom BrockeProf. Dr. Jan Mendling,2018,http://link.springer.com/book/10.1007/978-3-319-58307-5,Book
Removing Operational Friction Using Process Mining: Challenges Provided by the Internet of Production (IoP),Data Management Technologies and Applications,,,,10.1007/978-3-030-83014-4_1,Wil M. P. van der AalstTobias BrockhoffAnahita Farhang GhahfarokhiMahsa PourbafraniMerih Seran UysalSebastiaan J. van Zelst,2021,http://link.springer.com/chapter/10.1007/978-3-030-83014-4_1,Chapter
Intelligent Information Systems,Lecture Notes in Business Information Processing,,,,10.1007/978-3-030-79108-7,Selmin NurcanAxel Korthaus,2021,http://link.springer.com/book/10.1007/978-3-030-79108-7,Book
Concept Drift Detection on Streaming Data with Dynamic Outlier Aggregation,Process Mining Workshops,,,,10.1007/978-3-030-72693-5_16,Ludwig ZellnerFlorian RichterJanina SontheimAndrea MaldonadoThomas Seidl,2021,http://link.springer.com/chapter/10.1007/978-3-030-72693-5_16,Chapter
Characterizing Drift from Event Streams of Business Processes,Advanced Information Systems Engineering,,,,10.1007/978-3-319-59536-8_14,Alireza OstovarAbderrahmane MaaradjiMarcello La RosaArthur H. M. ter Hofstede,2017,http://link.springer.com/chapter/10.1007/978-3-319-59536-8_14,Chapter
A Survey of Process Mining Competitions: The BPI Challenges 2011–2018,Business Process Management Workshops,,,,10.1007/978-3-030-37453-2_22,Iezalde F. LopesDiogo R. Ferreira,2019,http://link.springer.com/chapter/10.1007/978-3-030-37453-2_22,Chapter
"Process Cubes: Slicing, Dicing, Rolling Up and Drilling Down Event Data for Process Mining",Asia Pacific Business Process Management,,,,10.1007/978-3-319-02922-1_1,Wil M. P. van der Aalst,2013,http://link.springer.com/chapter/10.1007/978-3-319-02922-1_1,Chapter
Online Process Discovery to Detect Concept Drifts in LTL-Based Declarative Process Models,On the Move to Meaningful Internet Systems: OTM 2013 Conferences,,,,10.1007/978-3-642-41030-7_7,Fabrizio Maria MaggiAndrea BurattinMarta CimitileAlessandro Sperduti,2013,http://link.springer.com/chapter/10.1007/978-3-642-41030-7_7,Chapter
New Trends in Database and Information Systems,Communications in Computer and Information Science,,,,10.1007/978-3-030-85082-1,Ladjel BellatrecheProf. Marlon DumasPanagiotis KarrasProf. Dr. Raimundas MatulevičiusAhmed AwadProf. Dr. Matthias WeidlichProf. Mirjana IvanovićOlaf Hartig,2021,http://link.springer.com/book/10.1007/978-3-030-85082-1,Book
Process Mining in the Large,Process Mining,,,,10.1007/978-3-662-49851-4_12,Wil van der Aalst,2016,http://link.springer.com/chapter/10.1007/978-3-662-49851-4_12,Chapter
TESSERACT: Time-Drifts in Event Streams Using Series of Evolving Rolling Averages of Completion Times,Business Process Management,,,,10.1007/978-3-319-65000-5_17,Florian RichterThomas Seidl,2017,http://link.springer.com/chapter/10.1007/978-3-319-65000-5_17,Chapter
A Tour in Process Mining: From Practice to Algorithmic Challenges,Transactions on Petri Nets and Other Models of Concurrency XIV,,,,10.1007/978-3-662-60651-3_1,Wil van der AalstJosep CarmonaThomas ChatainBoudewijn van Dongen,2019,http://link.springer.com/chapter/10.1007/978-3-662-60651-3_1,Chapter
When Process Mining Meets Bioinformatics,IS Olympics: Information Systems in a Diverse World,,,,10.1007/978-3-642-29749-6_14,R. P. Jagadeesh Chandra BoseWil M. P. van der Aalst,2012,http://link.springer.com/chapter/10.1007/978-3-642-29749-6_14,Chapter
Evaluating Conformance Measures in Process Mining Using Conformance Propositions,Transactions on Petri Nets and Other Models of Concurrency XIV,,,,10.1007/978-3-662-60651-3_8,Anja F. SyringNiek TaxWil M. P. van der Aalst,2019,http://link.springer.com/chapter/10.1007/978-3-662-60651-3_8,Chapter
Computational Science – ICCS 2021,Lecture Notes in Computer Science,,,,10.1007/978-3-030-77967-2,Prof. Maciej PaszynskiProf. Dr. Dieter KranzlmüllerDr. Valeria V. KrzhizhanovskayaProf. Jack J. DongarraProf. Dr. Peter M.A. Sloot,2021,http://link.springer.com/book/10.1007/978-3-030-77967-2,Book
Recurrent Process Mining with Live Event Data,Business Process Management Workshops,,,,10.1007/978-3-319-74030-0_13,Alifah SyamsiyahBoudewijn F. van DongenWil M. P. van der Aalst,2018,http://link.springer.com/chapter/10.1007/978-3-319-74030-0_13,Chapter
Space-Time Cube Operations in Process Mining,The Practice of Enterprise Modeling,,,,10.1007/978-3-030-63479-7_28,Dina BayomieLukas PfahlsbergerKate RevoredoJan Mendling,2020,http://link.springer.com/chapter/10.1007/978-3-030-63479-7_28,Chapter
Decomposing Process Mining Problems Using Passages,Application and Theory of Petri Nets,,,,10.1007/978-3-642-31131-4_5,Wil M. P. van der Aalst,2012,http://link.springer.com/chapter/10.1007/978-3-642-31131-4_5,Chapter
"PM
                  
                    
                  
                  $$^2$$
                : A Process Mining Project Methodology",Advanced Information Systems Engineering,,,,10.1007/978-3-319-19069-3_19,Maikel L. van EckXixi LuSander J. J. LeemansWil M. P. van der Aalst,2015,http://link.springer.com/chapter/10.1007/978-3-319-19069-3_19,Chapter
Interactive log-delta analysis using multi-range filtering,Software and Systems Modeling,,,,10.1007/s10270-021-00902-0,Maxim VidgofDjordje DjuricaSaimir BalaJan Mendling,2021,http://link.springer.com/article/10.1007/s10270-021-00902-0,Article
Process Mining,Encyclopedia of Database Systems,,,,10.1007/978-1-4899-7993-3_1477-2,W. M. P. van der Aalst,2016,http://link.springer.com/referenceworkentry/10.1007/978-1-4899-7993-3_1477-2,ReferenceWorkEntry
Process Mining,Encyclopedia of Database Systems,,,,10.1007/978-1-4614-8265-9_1477,W. M. P. van der Aalst,2018,http://link.springer.com/referenceworkentry/10.1007/978-1-4614-8265-9_1477,ReferenceWorkEntry
Predictive Process Mining Meets Computer Vision,Business Process Management Forum,,,,10.1007/978-3-030-58638-6_11,Vincenzo PasquadibisceglieAnnalisa AppiceGiovanna CastellanoDonato Malerba,2020,http://link.springer.com/chapter/10.1007/978-3-030-58638-6_11,Chapter
Desire Lines in Big Data,Encyclopedia of Social Network Analysis and Mining,,,,10.1007/978-1-4939-7131-2_396,Wil M. P. van der Aalst,2018,http://link.springer.com/referenceworkentry/10.1007/978-1-4939-7131-2_396,ReferenceWorkEntry
Desire Lines in Big Data,Encyclopedia of Social Network Analysis and Mining,,,,10.1007/978-1-4614-7163-9_396-1,Wil M. P. van der Aalst,2017,http://link.springer.com/referenceworkentry/10.1007/978-1-4614-7163-9_396-1,ReferenceWorkEntry
Innovations in Smart Cities Applications Volume 4,Lecture Notes in Networks and Systems,,,,10.1007/978-3-030-66840-2,Prof. Dr. Mohamed Ben AhmedProf. Dr. İsmail Rakıp KarașProf. Dr. Domingos SantosDr. Olga SergeyevaProf. Anouar Abdelhakim Boudhir,2021,http://link.springer.com/book/10.1007/978-3-030-66840-2,Book
Event Log Cleaning for Business Process Analytics,Encyclopedia of Big Data Technologies,,,,10.1007/978-3-319-63962-8_87-1,Andreas Solti,2018,http://link.springer.com/referenceworkentry/10.1007/978-3-319-63962-8_87-1,ReferenceWorkEntry
Distributed Process Discovery and Conformance Checking,Fundamental Approaches to Software Engineering,,,,10.1007/978-3-642-28872-2_1,Wil M. P. van der Aalst,2012,http://link.springer.com/chapter/10.1007/978-3-642-28872-2_1,Chapter
OTOSO: Online Trace Ordering for Structural Overviews,Process Mining Workshops,,,,10.1007/978-3-030-72693-5_17,Florian RichterAndrea MaldonadoLudwig ZellnerThomas Seidl,2021,http://link.springer.com/chapter/10.1007/978-3-030-72693-5_17,Chapter
Process Mining for Maintenance Decision Support,System Performance and Management Analytics,,,,10.1007/978-981-10-7323-6_23,Adithya ThaduriStephen Mayowa FamurewaAjit Kumar VermaUday Kumar,2019,http://link.springer.com/chapter/10.1007/978-981-10-7323-6_23,Chapter
Systematic Mapping Study on Process Mining in Agile Software Development,Software Process Improvement and Capability Determination,,,,10.1007/978-3-030-00623-5_20,Sezen ErdemOnur DemirörsFethi Rabhi,2018,http://link.springer.com/chapter/10.1007/978-3-030-00623-5_20,Chapter
Configurable Services in the Cloud: Supporting Variability While Enabling Cross-Organizational Process Mining,On the Move to Meaningful Internet Systems: OTM 2010,,,,10.1007/978-3-642-16934-2_5,Wil M. P. van der Aalst,2010,http://link.springer.com/chapter/10.1007/978-3-642-16934-2_5,Chapter
Applying Clustering in Process Mining to Find Different Versions of a Business Process That Changes over Time,Business Process Management Workshops,,,,10.1007/978-3-642-28108-2_15,Daniela LuengoMarcos Sepúlveda,2012,http://link.springer.com/chapter/10.1007/978-3-642-28108-2_15,Chapter
Artificial Intelligence for Information Management: A Healthcare Perspective,Studies in Big Data,,,,10.1007/978-981-16-0415-7,Dr. K. G. SrinivasaDr. Siddesh G. M.Dr. S. R. Mani Sekhar,2021,http://link.springer.com/book/10.1007/978-981-16-0415-7,Book
Turning event logs into process movies: animating what has really happened,Software & Systems Modeling,,15.0,3,10.1007/s10270-014-0432-2,Massimiliano de LeoniSuriadi SuriadiArthur H. M. ter HofstedeWil M. P. van der Aalst,2016,http://link.springer.com/article/10.1007/s10270-014-0432-2,Article
Analyzing Process Concept Drifts Based on Sensor Event Streams During Runtime,Business Process Management,,,,10.1007/978-3-030-58666-9_12,Florian StertzStefanie Rinderle-MaJuergen Mangler,2020,http://link.springer.com/chapter/10.1007/978-3-030-58666-9_12,Chapter
Identifying Cohorts: Recommending Drill-Downs Based on Differences in Behaviour for Process Mining,Conceptual Modeling,,,,10.1007/978-3-030-62522-1_7,Sander J. J. LeemansShiva ShabaninejadKanika GoelHassan KhosraviShazia SadiqMoe Thandar Wynn,2020,http://link.springer.com/chapter/10.1007/978-3-030-62522-1_7,Chapter
Multidimensional Process Mining Using Process Cubes,"Enterprise, Business-Process and Information Systems Modeling",,,,10.1007/978-3-319-19237-6_7,Alfredo BoltWil M. P. van der Aalst,2015,http://link.springer.com/chapter/10.1007/978-3-319-19237-6_7,Chapter
Desire Lines in Big Data,Encyclopedia of Social Network Analysis and Mining,,,,10.1007/978-1-4614-6170-8_396,Wil M. P. van der Aalst,2014,http://link.springer.com/referenceworkentry/10.1007/978-1-4614-6170-8_396,ReferenceWorkEntry
Visual Analytics Meets Process Mining: Challenges and Opportunities,Data-Driven Process Discovery and Analysis,,,,10.1007/978-3-319-53435-0_7,Theresia Gschwandtner,2017,http://link.springer.com/chapter/10.1007/978-3-319-53435-0_7,Chapter
Streaming Process Discovery and Conformance Checking,Encyclopedia of Big Data Technologies,,,,10.1007/978-3-319-63962-8_103-1,Andrea Burattin,2018,http://link.springer.com/referenceworkentry/10.1007/978-3-319-63962-8_103-1,ReferenceWorkEntry
Computational Science – ICCS 2020,Lecture Notes in Computer Science,,,,10.1007/978-3-030-50423-6,Dr. Valeria V. KrzhizhanovskayaDr. Gábor ZávodszkyMichael H. LeesProf. Jack J. DongarraProf. Dr. Peter M. A. SlootSérgio BrissosJoão Teixeira,2020,http://link.springer.com/book/10.1007/978-3-030-50423-6,Book
Designing Process Diagrams – A Framework for Making Design Choices When Visualizing Process Mining Outputs,On the Move to Meaningful Internet Systems. OTM 2018 Conferences,,,,10.1007/978-3-030-02610-3_26,Marit SirgmetsFredrik MilaniAlexander NolteTaivo Pungas,2018,http://link.springer.com/chapter/10.1007/978-3-030-02610-3_26,Chapter
The ClearPath Method for Care Pathway Process Mining and Simulation,Business Process Management Workshops,,,,10.1007/978-3-030-11641-5_19,Owen A. JohnsonThamer Ba DhafariAngelina KurniatiFrank FoxEric Rojas,2019,http://link.springer.com/chapter/10.1007/978-3-030-11641-5_19,Chapter
Process Minding: Closing the Big Data Gap,Business Process Management,,,,10.1007/978-3-030-58666-9_1,Avigdor GalArik Senderovich,2020,http://link.springer.com/chapter/10.1007/978-3-030-58666-9_1,Chapter
Detecting Changes in Process Behavior Using Comparative Case Clustering,Data-Driven Process Discovery and Analysis,,,,10.1007/978-3-319-53435-0_3,B. F. A. HompesJ. C. A. M. BuijsWil M. P. van der AalstP. M. DixitJ. Buurman,2017,http://link.springer.com/chapter/10.1007/978-3-319-53435-0_3,Chapter
What makes a good process model?,Software & Systems Modeling,,11.0,4,10.1007/s10270-012-0265-9,W. M. P. van der Aalst,2012,http://link.springer.com/article/10.1007/s10270-012-0265-9,Article
Operational Support,Process Mining,,,,10.1007/978-3-662-49851-4_10,Wil van der Aalst,2016,http://link.springer.com/chapter/10.1007/978-3-662-49851-4_10,Chapter
Streaming Process Discovery and Conformance Checking,Encyclopedia of Big Data Technologies,,,,10.1007/978-3-319-77525-8_103,Andrea Burattin,2019,http://link.springer.com/referenceworkentry/10.1007/978-3-319-77525-8_103,ReferenceWorkEntry
Re-learning of Business Process Models from Legacy System Using Incremental Process Mining,Enterprise Information Systems,,,,10.1007/978-3-319-09492-2_19,André Cristiano KalsingCirano IochpeLucinéia Heloisa ThomGleison Samuel do Nascimento,2014,http://link.springer.com/chapter/10.1007/978-3-319-09492-2_19,Chapter
Efficient Declarative-Based Process Mining Using an Enhanced Framework,Complex Pattern Mining,,,,10.1007/978-3-030-36617-9_8,Stefano FerilliSergio Angelastro,2020,http://link.springer.com/chapter/10.1007/978-3-030-36617-9_8,Chapter
Process Automation and Process Mining in Manufacturing,Business Process Management,,,,10.1007/978-3-030-85469-0_1,Stefanie Rinderle-MaJuergen Mangler,2021,http://link.springer.com/chapter/10.1007/978-3-030-85469-0_1,Chapter
Event Log Cleaning for Business Process Analytics,Encyclopedia of Big Data Technologies,,,,10.1007/978-3-319-77525-8_87,Andreas Solti,2019,http://link.springer.com/referenceworkentry/10.1007/978-3-319-77525-8_87,ReferenceWorkEntry
A Practical Approach for Process Mining in Production Processes,Innovations in Enterprise Information Systems Management and Engineering,,,,10.1007/978-3-319-58801-8_8,Christine NatschlägerFelix KossakChristian LettnerVerena GeistAndreas DenkmayrBeate Käferböck,2017,http://link.springer.com/chapter/10.1007/978-3-319-58801-8_8,Chapter
Visualizing Business Process Evolution,"Enterprise, Business-Process and Information Systems Modeling",,,,10.1007/978-3-030-49418-6_12,Anton YeshchenkoDina BayomieSteven GrossJan Mendling,2020,http://link.springer.com/chapter/10.1007/978-3-030-49418-6_12,Chapter
"Lights, Camera, Action! Business Process Movies for Online Process Discovery",Business Process Management Workshops,,,,10.1007/978-3-319-15895-2_34,Andrea BurattinMarta CimitileFabrizio Maria Maggi,2015,http://link.springer.com/chapter/10.1007/978-3-319-15895-2_34,Chapter
Event Streams,Process Mining Techniques in Business Environments,,,,10.1007/978-3-319-17482-2_7,Andrea Burattin,2015,http://link.springer.com/chapter/10.1007/978-3-319-17482-2_7,Chapter
Advanced Process Discovery Techniques,Process Mining,,,,10.1007/978-3-662-49851-4_7,Wil van der Aalst,2016,http://link.springer.com/chapter/10.1007/978-3-662-49851-4_7,Chapter
Conformance Checking,Process Mining,,,,10.1007/978-3-662-49851-4_8,Wil van der Aalst,2016,http://link.springer.com/chapter/10.1007/978-3-662-49851-4_8,Chapter
Interactive Process Mining in IoT and Human Behaviour Modelling,Interactive Process Mining in Healthcare,,,,10.1007/978-3-030-53993-1_13,Juan J. LullJosé L. BayoMohsen ShiraliMona GhassemianCarlos Fernandez-Llatas,2021,http://link.springer.com/chapter/10.1007/978-3-030-53993-1_13,Chapter
Production at the Leading Edge of Technology,Lecture Notes in Production Engineering,,,,10.1007/978-3-030-78424-9,Prof. Dr. Bernd-Arno BehrensProf. Dr. Alexander BrosiusProf. Dr. Welf-Guntram DrosselProf. Dr. Wolfgang HintzeProf. Dr. Steffen IhlenfeldtProf. Dr. Peter Nyhuis,2022,http://link.springer.com/book/10.1007/978-3-030-78424-9,Book
Detecting and Identifying Data Drifts in Process Event Streams Based on Process Histories,Information Systems Engineering in Responsible Information Systems,,,,10.1007/978-3-030-21297-1_21,Florian StertzStefanie Rinderle-Ma,2019,http://link.springer.com/chapter/10.1007/978-3-030-21297-1_21,Chapter
Data Quality Assessment to Apply Process Mining in Production Processes,Production at the Leading Edge of Technology,,,,10.1007/978-3-030-78424-9_57,Henning NeumannMoritz Müller-RodenSeth SchmitzAndreas GützlaffGünther Schuh,2022,http://link.springer.com/chapter/10.1007/978-3-030-78424-9_57,Chapter
Generating Reliable Process Event Streams and Time Series Data Based on Neural Networks,"Enterprise, Business-Process and Information Systems Modeling",,,,10.1007/978-3-030-79186-5_6,Tobias HerbertJuergen ManglerStefanie Rinderle-Ma,2021,http://link.springer.com/chapter/10.1007/978-3-030-79186-5_6,Chapter
Conformance Checking,Process Mining,,,,10.1007/978-3-642-19345-3_7,Wil M. P. van der Aalst,2011,http://link.springer.com/chapter/10.1007/978-3-642-19345-3_7,Chapter
Healthcare Data Visualization,Artificial Intelligence for Information Management: A Healthcare Perspective,,,,10.1007/978-981-16-0415-7_9,M. V. Manoj KumarB. S. PrashanthAditya ShastryH. A. SanjayH. R. Sneha,2021,http://link.springer.com/chapter/10.1007/978-981-16-0415-7_9,Chapter
Visualizing Token Flows Using Interactive Performance Spectra,Application and Theory of Petri Nets and Concurrency,,,,10.1007/978-3-030-51831-8_18,Wil M. P. van der AalstDaniel Tacke Genannt UnterbergVadim DenisovDirk Fahland,2020,http://link.springer.com/chapter/10.1007/978-3-030-51831-8_18,Chapter
Epilogue,Process Mining,,,,10.1007/978-3-662-49851-4_16,Wil van der Aalst,2016,http://link.springer.com/chapter/10.1007/978-3-662-49851-4_16,Chapter
Dynamic Constructs Competition Miner - Occurrence- vs. Time-Based Ageing,Data-Driven Process Discovery and Analysis,,,,10.1007/978-3-319-27243-6_4,David RedlichThomas MolkaWasif GilaniGordon BlairAwais Rashid,2015,http://link.springer.com/chapter/10.1007/978-3-319-27243-6_4,Chapter
Soft Computing and Signal Processing,Advances in Intelligent Systems and Computing,,,,10.1007/978-981-16-1249-7,Dr. V. Sivakumar ReddyDr. V. Kamakshi PrasadJiacun WangDr. K. T. V. Reddy,2022,http://link.springer.com/book/10.1007/978-981-16-1249-7,Book
Enterprise Information Systems,Lecture Notes in Business Information Processing,,,,10.1007/978-3-030-75418-1,Prof. Dr. Joaquim FilipeMichał ŚmiałekAlexander BrodskySlimane Hammoudi,2021,http://link.springer.com/book/10.1007/978-3-030-75418-1,Book
RT-PLG: Real Time Process Log Generator,Information Systems Architecture and Technology: Proceedings of 36th International Conference on Information Systems Architecture and Technology – ISAT 2015 – Part III,,,,10.1007/978-3-319-28564-1_11,Bernardo Nugroho YahyaYohanes KhosiawanWoosik ChoiNgoc Anh Dung Do,2016,http://link.springer.com/chapter/10.1007/978-3-319-28564-1_11,Chapter
Advanced Process Discovery Techniques,Process Mining,,,,10.1007/978-3-642-19345-3_6,Wil M. P. van der Aalst,2011,http://link.springer.com/chapter/10.1007/978-3-642-19345-3_6,Chapter
Are Similar Cases Treated Similarly? A Comparison Between Process Workers,Business Information Systems,,,,10.1007/978-3-030-20482-2_14,Mark PijnenburgWojtek Kowalczyk,2019,http://link.springer.com/chapter/10.1007/978-3-030-20482-2_14,Chapter
A Real-Time Method for Detecting Temporary Process Variants in Event Log Data,Business Process Management,,,,10.1007/978-3-030-85469-0_14,Sudhanshu ChouhanAnna WilbikRemco Dijkman,2021,http://link.springer.com/chapter/10.1007/978-3-030-85469-0_14,Chapter
Advances in Knowledge Discovery and Data Mining,Lecture Notes in Computer Science,,,,10.1007/978-3-030-75762-5,Prof. Kamal KarlapalemHong ChengNaren RamakrishnanR. K. AgrawalP. Krishna ReddyDr. Jaideep SrivastavaAssist. Prof. Tanmoy Chakraborty,2021,http://link.springer.com/book/10.1007/978-3-030-75762-5,Book
Epilogue,Process Mining,,,,10.1007/978-3-642-19345-3_14,Wil M. P. van der Aalst,2011,http://link.springer.com/chapter/10.1007/978-3-642-19345-3_14,Chapter
A Multi-level Approach for Identifying Process Change in Cancer Pathways,Business Process Management Workshops,,,,10.1007/978-3-030-37453-2_48,Angelina Prima KurniatiCiarán McInerneyKieran ZuckerGeoff HallDavid HoggOwen Johnson,2019,http://link.springer.com/chapter/10.1007/978-3-030-37453-2_48,Chapter
Evaluating Predictive Business Process Monitoring Approaches on Small Event Logs,Quality of Information and Communications Technology,,,,10.1007/978-3-030-85347-1_13,Martin KäppelStefan JablonskiStefan Schönig,2021,http://link.springer.com/chapter/10.1007/978-3-030-85347-1_13,Chapter
A Framework for the Multi-modal Analysis of Novel Behavior in Business Processes,Intelligent Data Engineering and Automated Learning – IDEAL 2020,,,,10.1007/978-3-030-62362-3_6,Antonino RulloAntonella GuzzoEdoardo SerraErika Tirrito,2020,http://link.springer.com/chapter/10.1007/978-3-030-62362-3_6,Chapter
Graph Autoencoders for Business Process Anomaly Detection,Business Process Management,,,,10.1007/978-3-030-85469-0_26,Siyu HuoHagen VölzerPrabhat ReddyPrerna AgarwalVatche IsahagianVinod Muthusamy,2021,http://link.springer.com/chapter/10.1007/978-3-030-85469-0_26,Chapter
Artificial Intelligence and Soft Computing,Lecture Notes in Computer Science,,,,10.1007/978-3-030-87986-0,Prof. Leszek RutkowskiDr. Rafał SchererMarcin KorytkowskiWitold PedryczProf. Ryszard TadeusiewiczDr. Jacek M. Zurada,2021,http://link.springer.com/book/10.1007/978-3-030-87986-0,Book
On Enabling GDPR Compliance in Business Processes Through Data-Driven Solutions,SN Computer Science,,1.0,4,10.1007/s42979-020-00215-x,Rashid ZamanMarwan Hassani,2020,http://link.springer.com/article/10.1007/s42979-020-00215-x,Article
Exposing Impediments to Insurance Claims Processing,Business Process Management Cases,,,,10.1007/978-3-319-58307-5_15,Robert AndrewsMoe WynnArthur H. M ter HofstedeJingxin XuKylie HortonPaul TaylorSue Plunkett-Cole,2018,http://link.springer.com/chapter/10.1007/978-3-319-58307-5_15,Chapter
Business Process Simulation Survival Guide,Handbook on Business Process Management 1,,,,10.1007/978-3-642-45100-3_15,Wil M. P. van der Aalst,2015,http://link.springer.com/chapter/10.1007/978-3-642-45100-3_15,Chapter
An Extensible Framework for Analysing Resource Behaviour Using Event Logs,Advanced Information Systems Engineering,,,,10.1007/978-3-319-07881-6_38,Anastasiia PikaMoe T. WynnColin J. FidgeArthur H. M. ter HofstedeMichael LeyerWil M. P. van der Aalst,2014,http://link.springer.com/chapter/10.1007/978-3-319-07881-6_38,Chapter
Process Analysis,Fundamentals of Business Intelligence,,,,10.1007/978-3-662-46531-8_7,Wilfried GrossmannStefanie Rinderle-Ma,2015,http://link.springer.com/chapter/10.1007/978-3-662-46531-8_7,Chapter
Introduction,Process Mining Techniques in Business Environments,,,,10.1007/978-3-319-17482-2_1,Andrea Burattin,2015,http://link.springer.com/chapter/10.1007/978-3-319-17482-2_1,Chapter
Repairing Alignments of Process Models,Business & Information Systems Engineering,,62.0,4,10.1007/s12599-019-00601-7,Sebastiaan J. van ZelstJoos C. A. M. BuijsBorja Vázquez-BarreirosManuel LamaManuel Mucientes,2020,http://link.springer.com/article/10.1007/s12599-019-00601-7,Article
"Connected, Digitalized Welding Production—Secure, Ubiquitous Utilization of Data Across Process Layers",Advanced Joining Processes,,,,10.1007/978-981-15-2957-3_8,S. MannJ. PennekampT. BrockhoffA. FarhangM. PourbafraniL. OsterM. S. UysalR. SharmaU. ReisgenK. WehrleW. M. P. van der Aalst,2020,http://link.springer.com/chapter/10.1007/978-981-15-2957-3_8,Chapter
Proceedings of Second Doctoral Symposium on Computational Intelligence,Advances in Intelligent Systems and Computing,,,,10.1007/978-981-16-3346-1,Dr. Deepak GuptaDr. Ashish KhannaProf. Vineet KansalProf. Giancarlo FortinoProf. Aboul Ella Hassanien,2022,http://link.springer.com/book/10.1007/978-981-16-3346-1,Book
Enhancing Process Models to Improve Business Performance: A Methodology and Case Studies,On the Move to Meaningful Internet Systems. OTM 2017 Conferences,,,,10.1007/978-3-319-69462-7_15,Marcus DeesMassimiliano de LeoniFelix Mannhardt,2017,http://link.springer.com/chapter/10.1007/978-3-319-69462-7_15,Chapter
Analyzing business process anomalies using autoencoders,Machine Learning,,107.0,11,10.1007/s10994-018-5702-8,Timo NolleStefan LuettgenAlexander SeeligerMax Mühlhäuser,2018,http://link.springer.com/article/10.1007/s10994-018-5702-8,Article
Comprehensive Survey on Deep Learning Approaches in Predictive Business Process Monitoring,Modern Approaches in Machine Learning and Cognitive Science: A Walkthrough,,,,10.1007/978-3-030-38445-6_9,Nitin HaraneSheetal Rathi,2020,http://link.springer.com/chapter/10.1007/978-3-030-38445-6_9,Chapter
A Framework for Online Conformance Checking,Business Process Management Workshops,,,,10.1007/978-3-319-74030-0_12,Andrea BurattinJosep Carmona,2018,http://link.springer.com/chapter/10.1007/978-3-319-74030-0_12,Chapter
Adaptable Cross-organizational Unstructured Business Processes via Dynamic Rule-based Semantic Network,Information Systems Frontiers,,22.0,3,10.1007/s10796-018-9886-z,Ehsan AlirezaeiSaeed Parsa,2020,http://link.springer.com/article/10.1007/s10796-018-9886-z,Article
Repairing Alignments: Striking the Right Nerve,"Enterprise, Business-Process and Information Systems Modeling",,,,10.1007/978-3-319-39429-9_17,Borja Vázquez-BarreirosSebastian J. van ZelstJoos C. A. M. BuijsManuel LamaManuel Mucientes,2016,http://link.springer.com/chapter/10.1007/978-3-319-39429-9_17,Chapter
BINet: Multivariate Business Process Anomaly Detection Using Deep Learning,Business Process Management,,,,10.1007/978-3-319-98648-7_16,Timo NolleAlexander SeeligerMax Mühlhäuser,2018,http://link.springer.com/chapter/10.1007/978-3-319-98648-7_16,Chapter
Business Process Variant Analysis Based on Mutual Fingerprints of Event Logs,Advanced Information Systems Engineering,,,,10.1007/978-3-030-49435-3_19,Farbod TaymouriMarcello La RosaJosep Carmona,2020,http://link.springer.com/chapter/10.1007/978-3-030-49435-3_19,Chapter
Research Challenges for Business Process Models at Run-Time,Models@run.time,,,,10.1007/978-3-319-08915-7_8,David RedlichGordon BlairAwais RashidThomas MolkaWasif Gilani,2014,http://link.springer.com/chapter/10.1007/978-3-319-08915-7_8,Chapter
Multidimensional Process Analytics,Encyclopedia of Big Data Technologies,,,,10.1007/978-3-319-63962-8_97-1,Stefanie Rinderle-Ma,2018,http://link.springer.com/referenceworkentry/10.1007/978-3-319-63962-8_97-1,ReferenceWorkEntry
Multidimensional Process Analytics,Encyclopedia of Big Data Technologies,,,,10.1007/978-3-319-77525-8_97,Stefanie Rinderle-Ma,2019,http://link.springer.com/referenceworkentry/10.1007/978-3-319-77525-8_97,ReferenceWorkEntry
Video-to-Model: Unsupervised Trace Extraction from Videos for Process Discovery and Conformance Checking in Manual Assembly,Business Process Management,,,,10.1007/978-3-030-58666-9_17,Sönke KnochShreeraman PonpathirkoottamTim Schwartz,2020,http://link.springer.com/chapter/10.1007/978-3-030-58666-9_17,Chapter
Exploring Processes and Deviations,Business Process Management Workshops,,,,10.1007/978-3-319-15895-2_26,Sander J. J. LeemansDirk FahlandWil M. P. van der Aalst,2015,http://link.springer.com/chapter/10.1007/978-3-319-15895-2_26,Chapter
"act2vec, trace2vec, log2vec, and model2vec: Representation Learning for Business Processes",Business Process Management,,,,10.1007/978-3-319-98648-7_18,Pieter De KoninckSeppe vanden BrouckeJochen De Weerdt,2018,http://link.springer.com/chapter/10.1007/978-3-319-98648-7_18,Chapter
An Overview of Concept Drift Applications,Big Data Analysis: New Algorithms for a New Society,,,,10.1007/978-3-319-26989-4_4,Indrė ŽliobaitėMykola PechenizkiyJoão Gama,2016,http://link.springer.com/chapter/10.1007/978-3-319-26989-4_4,Chapter
"Unbiased, Fine-Grained Description of Processes Performance from Event Data",Business Process Management,,,,10.1007/978-3-319-98648-7_9,Vadim DenisovDirk FahlandWil M. P. van der Aalst,2018,http://link.springer.com/chapter/10.1007/978-3-319-98648-7_9,Chapter
Trace Clustering,Encyclopedia of Big Data Technologies,,,,10.1007/978-3-319-63962-8_91-1,Jochen De Weerdt,2018,http://link.springer.com/referenceworkentry/10.1007/978-3-319-63962-8_91-1,ReferenceWorkEntry
Intelligent Computing,Lecture Notes in Networks and Systems,,,,10.1007/978-3-030-80126-7,Prof. Dr. Kohei Arai,2021,http://link.springer.com/book/10.1007/978-3-030-80126-7,Book
Trace Clustering,Encyclopedia of Big Data Technologies,,,,10.1007/978-3-319-77525-8_91,Jochen De Weerdt,2019,http://link.springer.com/referenceworkentry/10.1007/978-3-319-77525-8_91,ReferenceWorkEntry
Classifying and Detecting Task Executions and Routines in Processes Using Event Graphs,Business Process Management Forum,,,,10.1007/978-3-030-85440-9_13,Eva L. KlijnFelix MannhardtDirk Fahland,2021,http://link.springer.com/chapter/10.1007/978-3-030-85440-9_13,Chapter
Finding Process Variants in Event Logs,On the Move to Meaningful Internet Systems. OTM 2017 Conferences,,,,10.1007/978-3-319-69462-7_4,Alfredo BoltWil M. P. van der AalstMassimiliano de Leoni,2017,http://link.springer.com/chapter/10.1007/978-3-319-69462-7_4,Chapter
Alignment-Based Trace Clustering,Conceptual Modeling,,,,10.1007/978-3-319-69904-2_24,Thomas ChatainJosep CarmonaBoudewijn van Dongen,2017,http://link.springer.com/chapter/10.1007/978-3-319-69904-2_24,Chapter
A Repair of Workflow Models Based on Mirroring Matrices,International Journal of Parallel Programming,,45.0,4,10.1007/s10766-016-0438-1,Yanan SunYuyue DuMaozhen Li,2017,http://link.springer.com/article/10.1007/s10766-016-0438-1,Article
Predictive Process Monitoring in Apromore,Information Systems in the Big Data Era,,,,10.1007/978-3-319-92901-9_21,Ilya VerenichStanislav MõškovskiSimon RabocziMarlon DumasMarcello La RosaFabrizio Maria Maggi,2018,http://link.springer.com/chapter/10.1007/978-3-319-92901-9_21,Chapter
Intelligent Decision Support Systems,Biometric and Intelligent Decision Making Support,,,,10.1007/978-3-319-13659-2_2,Arturas Kaklauskas,2015,http://link.springer.com/chapter/10.1007/978-3-319-13659-2_2,Chapter
Discovering Characteristics that Affect Process Control Flow,Decision Support Systems IV - Information and Knowledge Management in Decision Processes,,,,10.1007/978-3-319-21536-5_5,Pavlos DeliasDaniela GrigoriMohamed Lamine MouhoubAlexis Tsoukias,2015,http://link.springer.com/chapter/10.1007/978-3-319-21536-5_5,Chapter
Predictive Business Process Monitoring,Encyclopedia of Big Data Technologies,,,,10.1007/978-3-319-63962-8_105-1,Chiara Di Francescomarino,2018,http://link.springer.com/referenceworkentry/10.1007/978-3-319-63962-8_105-1,ReferenceWorkEntry
Addressing Concept Drifts Using Deep Learning for Heart Disease Prediction: A Review,Proceedings of Second Doctoral Symposium on Computational Intelligence,,,,10.1007/978-981-16-3346-1_13,Ketan Sanjay DesaleSwati V. Shinde,2022,http://link.springer.com/chapter/10.1007/978-981-16-3346-1_13,Chapter
Generalized Alignment-Based Trace Clustering of Process Behavior,Application and Theory of Petri Nets and Concurrency,,,,10.1007/978-3-030-21571-2_14,Mathilde BoltenhagenThomas ChatainJosep Carmona,2019,http://link.springer.com/chapter/10.1007/978-3-030-21571-2_14,Chapter
Preparation,Conformance Checking,,,,10.1007/978-3-319-99414-7_6,Josep CarmonaBoudewijn van DongenAndreas SoltiMatthias Weidlich,2018,http://link.springer.com/chapter/10.1007/978-3-319-99414-7_6,Chapter
Incremental Predictive Process Monitoring: The Next Activity Case,Business Process Management,,,,10.1007/978-3-030-85469-0_10,Stephen PauwelsToon Calders,2021,http://link.springer.com/chapter/10.1007/978-3-030-85469-0_10,Chapter
Predictive Business Process Monitoring via Generative Adversarial Nets: The Case of Next Event Prediction,Business Process Management,,,,10.1007/978-3-030-58666-9_14,Farbod TaymouriMarcello La RosaSarah ErfaniZahra Dasht BozorgiIlya Verenich,2020,http://link.springer.com/chapter/10.1007/978-3-030-58666-9_14,Chapter
Time-Based Trace Clustering for Evolution-Aware Security Audits,Business Process Management Workshops,,,,10.1007/978-3-642-28115-0_45,Thomas Stocker,2012,http://link.springer.com/chapter/10.1007/978-3-642-28115-0_45,Chapter
Process Outcome Prediction: CNN vs. LSTM (with Attention),Business Process Management Workshops,,,,10.1007/978-3-030-66498-5_24,Hans WeytjensJochen De Weerdt,2020,http://link.springer.com/chapter/10.1007/978-3-030-66498-5_24,Chapter
Computational Collective Intelligence,Lecture Notes in Computer Science,,,,10.1007/978-3-030-88081-1,Prof. Ngoc Thanh NguyenLazaros IliadisIlias MaglogiannisBogdan Trawiński,2021,http://link.springer.com/book/10.1007/978-3-030-88081-1,Book
Encyclopedia of GIS,,,,,10.1007/978-3-319-17885-1,Shashi ShekharHui XiongXun Zhou,2017,http://link.springer.com/referencework/10.1007/978-3-319-17885-1,ReferenceWork
Conclusions and Future Work,Process Mining Techniques in Business Environments,,,,10.1007/978-3-319-17482-2_18,Andrea Burattin,2015,http://link.springer.com/chapter/10.1007/978-3-319-17482-2_18,Chapter
Relational Data Mining in the Era of Big Data,A Comprehensive Guide Through the Italian Database Research Over the Last 25 Years,,,,10.1007/978-3-319-61893-7_19,Annalisa AppiceMichelangelo CeciDonato Malerba,2018,http://link.springer.com/chapter/10.1007/978-3-319-61893-7_19,Chapter
Robust and Generalizable Predictive Models for Business Processes,Business Process Management,,,,10.1007/978-3-030-85469-0_9,Praveen VenkateswaranVinod MuthusamyVatche IsahagianNalini Venkatasubramanian,2021,http://link.springer.com/chapter/10.1007/978-3-030-85469-0_9,Chapter
Encyclopedia of Complexity and Systems Science,,,,,10.1007/978-0-387-30440-3,Robert A. Meyers Ph. D.,2009,http://link.springer.com/referencework/10.1007/978-0-387-30440-3,ReferenceWork
Advances in Production Management Systems. Artificial Intelligence for Sustainable and Resilient Production Systems,IFIP Advances in Information and Communication Technology,,,,10.1007/978-3-030-85874-2,Alexandre DolguiProf. Alain BernardDavid LemoineGregor von CieminskiDavid Romero,2021,http://link.springer.com/book/10.1007/978-3-030-85874-2,Book
"The Alignment of Formal, Structured and Unstructured Process Descriptions",Application and Theory of Petri Nets and Concurrency,,,,10.1007/978-3-319-57861-3_1,Josep Carmona,2017,http://link.springer.com/chapter/10.1007/978-3-319-57861-3_1,Chapter
Business Process Deviance Mining,Encyclopedia of Big Data Technologies,,,,10.1007/978-3-319-63962-8_100-1,Francesco FolinoLuigi Pontieri,2018,http://link.springer.com/referenceworkentry/10.1007/978-3-319-63962-8_100-1,ReferenceWorkEntry
Business Process Deviance Mining,Encyclopedia of Big Data Technologies,,,,10.1007/978-3-319-77525-8_100,Francesco FolinoLuigi Pontieri,2019,http://link.springer.com/referenceworkentry/10.1007/978-3-319-77525-8_100,ReferenceWorkEntry
AI for in-line vehicle sequence controlling: development and evaluation of an adaptive machine learning artifact to predict sequence deviations in a mixed-model production line,Flexible Services and Manufacturing Journal,,,,10.1007/s10696-021-09430-x,Maximilian StauderNiklas Kühl,2021,http://link.springer.com/article/10.1007/s10696-021-09430-x,Article
Control-Flow Business Process Summarization via Activity Contraction,Intelligent Data Engineering and Automated Learning – IDEAL 2019,,,,10.1007/978-3-030-33617-2_25,Valeria FiondaGianluigi Greco,2019,http://link.springer.com/chapter/10.1007/978-3-030-33617-2_25,Chapter
Learning Uncertainty with Artificial Neural Networks for Improved Remaining Time Prediction of Business Processes,Business Process Management,,,,10.1007/978-3-030-85469-0_11,Hans WeytjensJochen De Weerdt,2021,http://link.springer.com/chapter/10.1007/978-3-030-85469-0_11,Chapter
LoGo: Combining Local and Global Techniques for Predictive Business Process Monitoring,Advanced Information Systems Engineering,,,,10.1007/978-3-030-49435-3_18,Kristof BöhmerStefanie Rinderle-Ma,2020,http://link.springer.com/chapter/10.1007/978-3-030-49435-3_18,Chapter
Understanding Context with ContextViewer – Tool for Visualization and Initial Preprocessing of Mobile Sensors Data,Modeling and Using Context,,,,10.1007/978-3-319-25591-0_6,Szymon BobekSebastian DziadzioPaweł JaciówMateusz ŚlażyńskiGrzegorz J. Nalepa,2015,http://link.springer.com/chapter/10.1007/978-3-319-25591-0_6,Chapter
"20+ Years of Analytics on Complex Data: Impact, Issues, Challenges and Contributions",A Comprehensive Guide Through the Italian Database Research Over the Last 25 Years,,,,10.1007/978-3-319-61893-7_21,Stefano BastaGiuseppe MancoElio MasciariLuigi Pontieri,2018,http://link.springer.com/chapter/10.1007/978-3-319-61893-7_21,Chapter
Digital Technologies and Applications,Lecture Notes in Networks and Systems,,,,10.1007/978-3-030-73882-2,Prof. Saad MotahhirDr. Badre Bossoufi,2021,http://link.springer.com/book/10.1007/978-3-030-73882-2,Book
Adapting Case Management Techniques to Achieve Software Process Flexibility,Managing Software Process Evolution,,,,10.1007/978-3-319-31545-4_11,Marian Benner-WicknerMatthias BookVolker Gruhn,2016,http://link.springer.com/chapter/10.1007/978-3-319-31545-4_11,Chapter
IoT data stream analytics,Annals of Telecommunications,,75.0,9 - 10,10.1007/s12243-020-00811-1,Albert BifetJoão Gama,2020,http://link.springer.com/article/10.1007/s12243-020-00811-1,Article
Predicting Remaining Cycle Time from Ongoing Cases: A Survival Analysis-Based Approach,Process Mining Workshops,,,,10.1007/978-3-030-72693-5_8,Fadi BaskharonAhmed AwadChiara Di Francescomarino,2021,http://link.springer.com/chapter/10.1007/978-3-030-72693-5_8,Chapter
"The Data Science Lab at LMU Munich: Leveraging Knowledge Transfer, Implementing Collaborative Projects, and Promoting Future Data Science Talents",Digital Marketplaces Unleashed,,,,10.1007/978-3-662-49275-8_49,Thomas SeidlPeer KrögerTobias EmrichMatthias SchubertGregor JosséFlorian Richter,2018,http://link.springer.com/chapter/10.1007/978-3-662-49275-8_49,Chapter
Modeling recurring concepts in data streams: a graph-based framework,Knowledge and Information Systems,,55.0,1,10.1007/s10115-017-1070-0,Zahra AhmadiStefan Kramer,2018,http://link.springer.com/article/10.1007/s10115-017-1070-0,Article
25 Years of Applications of Logic Programming in Italy,A 25-Year Perspective on Logic Programming,,,,10.1007/978-3-642-14309-0_14,Alessandro Dal PalùPaolo Torroni,2010,http://link.springer.com/chapter/10.1007/978-3-642-14309-0_14,Chapter
Analysis and data mining of intellectual property using GRNN and SVM,Personal and Ubiquitous Computing,,24.0,1,10.1007/s00779-019-01344-8,Liying Li,2020,http://link.springer.com/article/10.1007/s00779-019-01344-8,Article
Sensor Data Stream Selection and Aggregation for the Ex Post Discovery of Impact Factors on Process Outcomes,Intelligent Information Systems,,,,10.1007/978-3-030-79108-7_4,Matthias EhrendorferJuergen ManglerStefanie Rinderle-Ma,2021,http://link.springer.com/chapter/10.1007/978-3-030-79108-7_4,Chapter
Multi-perspective Anomaly Detection in Business Process Execution Events,On the Move to Meaningful Internet Systems: OTM 2016 Conferences,,,,10.1007/978-3-319-48472-3_5,Kristof BöhmerStefanie Rinderle-Ma,2016,http://link.springer.com/chapter/10.1007/978-3-319-48472-3_5,Chapter
Big Data Semantics,Journal on Data Semantics,,7.0,2,10.1007/s13740-018-0086-2,Paolo CeravoloAntonia AzziniMarco AngeliniTiziana CatarciPhilippe Cudré-MaurouxErnesto DamianiAlexandra MazakMaurice Van KeulenMustafa JarrarGiuseppe SantucciKai-Uwe SattlerMonica ScannapiecoManuel WimmerRobert WrembelFadi Zaraket,2018,http://link.springer.com/article/10.1007/s13740-018-0086-2,Article
ProLoD: An Efficient Framework for Processing Logistics Data,On the Move to Meaningful Internet Systems. OTM 2017 Conferences,,,,10.1007/978-3-319-69462-7_44,Mohammad AlShaerYehia TaherRafiqul HaqueMohand-Saïd HacidMohamed Dbouk,2017,http://link.springer.com/chapter/10.1007/978-3-319-69462-7_44,Chapter
